peptide,pathology
LPRRSGAAGA,Influenza
GILGFVFTL,Influenza
NLVPMVATV,Cytomegalovirus (CMV)
GLCTLVAML,Epstein Barr virus (EBV)
SSYRRPVGI,Influenza
RFYKTLRAEQASQ,Human immunodeficiency virus (HIV)
SSLENFRAYV,Influenza
WEDLFCDESLSSPEPPSSSE,Merkel cell carcinoma
CRVLCCYVL,Cytomegalovirus (CMV)
ASNENMETM,Influenza
ELAGIGILTV,Melanoma
LLWNGPMAV,Yellow fever virus
VTEHDTLLY,Cytomegalovirus (CMV)
TPRVTGGGAM,Cytomegalovirus (CMV)
HGIRNASFI,mCMV
EAAGIGILTV,Melanoma
FRCPRRFCF,Cytomegalovirus (CMV)
VEALYLVCG,Diabetes Type 1
LSLRNPILV,Influenza
SFHSLHLLF,HTLV-1
